month,case_study,LAI_change_500m,EVI_change_250m,NDVI_change_250m,region,Pantropical_Litterfall_Mean,Pantropical_Litterfall_Std_error,Number_Case_Studies,Pantropical_Litterfall_Std_dev,CI_lower_bound,CI_upper_bound
1,6,-0.617522958,-0.541958632,-0.483371022,Caribbean,-0.2544356,0.1944445,14,0.73,-0.6745074,0.1656362
2,6,-0.686841825,-0.24531036,-0.194286338,Caribbean,-0.5290699,0.2524178,14,0.94,-1.074385,0.01624554
3,6,-0.392032762,-0.205019156,0.044044147,Caribbean,-0.6046352,0.2723269,16,1.09,-1.185086,-0.02418409
4,6,-0.417721519,-0.18561546,0.091990981,Caribbean,-0.8113695,0.1880224,18,0.80,-1.221035,-0.4017038
5,6,0.100335071,-0.399284396,-0.137400265,Caribbean,-1.0032024,0.2221029,14,0.83,-1.483,-0.5234
6,6,0.301563664,-0.139389007,-0.355192661,Caribbean,-0.7769117,0.2370308,14,0.89,-1.288986,-0.2648377
7,6,0.370067014,-0.341415725,-0.173009469,Caribbean,-0.6847276,0.2027545,12,0.70,-1.130987,-0.238468
8,6,0.73704925,-0.216433095,-0.316628336,Caribbean,-0.5622278,0.1435675,16,0.57,-0.8682348,-0.2562209
9,6,0.430007446,0.203485718,0.178649895,Caribbean,-0.7340787,0.2767774,10,0.88,-1.360193,-0.1079646
10,6,0.430007446,0.205540227,0.117331141,Caribbean,-0.6567136,0.1800725,11,0.60,-1.05794,-0.255487
11,6,-0.579193703,0.007622526,0.265530444,Caribbean,-0.4073019,0.2711984,11,0.90,-1.01157,0.1969658
12,6,0.596984364,0.192984894,0.244622965,Caribbean,-0.3772718,0.2235537,12,0.77,-0.8693103,0.1147666
13,6,-0.314966493,-0.500868452,-0.207288869,Caribbean,-0.3277549,0.2349738,9,0.70,-0.8696054,0.2140956
14,6,0.012870971,0.282241896,0.378859324,Caribbean,-0.2416662,0.1805158,11,0.60,-0.6438805,0.1605482
15,6,0.250186151,-0.108000675,0.150576249,Caribbean,-0.190715,0.250948,8,0.71,-0.7841127,0.4026826
16,6,-0.019545793,-0.259691923,0.2075362,Caribbean,-0.248231,0.1899025,9,0.57,-0.686147,0.1896849
17,6,-0.139426657,0.073138535,0.322785908,Caribbean,-0.3506871,0.193206,9,0.58,-0.796221,0.09484683
18,6,0.135198383,-0.374516148,-0.282496691,Caribbean,-0.2053,0.2895,9,0.87,-0.873,0.4624
19,6,0.40431869,-0.186756853,-0.030720407,Caribbean,-0.363,0.1898,7,0.50,-0.8275,0.1015
20,6,-0.021380704,-0.000138952,-0.042467012,Caribbean,-0.4193,0.1322,9,0.40,-0.7242,-0.1143
21,6,-0.284996277,0.167760089,0.232211458,Caribbean,-0.3853328,0.1285306,7,0.34,-0.6998,-0.0708
22,6,0.237341772,0.193555591,0.089922396,Caribbean,-0.4976,0.2326,5,0.52,-1.1433,0.1481
23,6,-0.070311669,-0.398143002,-0.302148244,Caribbean,-0.3448,0.1404,5,0.31,-0.7345,0.045
24,6,-0.289277736,-0.281949104,0.065838162,Caribbean,-0.2764,0.0723,5,0.16,-0.477,-0.0757
25,6,-0.126582278,-9999,-9999,Caribbean,,,,,,
1,7,-0.753162131,-0.27960974,-0.190763399,Caribbean,,,,,,
2,7,-0.677599518,-0.204007286,-0.165986168,Caribbean,,,,,,
3,7,-0.374089689,-0.161511002,0.080715521,Caribbean,,,,,,
4,7,-0.400536604,-0.14104537,0.130346456,Caribbean,,,,,,
5,7,0.132809506,-0.366408098,-0.107102008,Caribbean,,,,,,
6,7,0.339977003,-0.09228901,-0.332544221,Caribbean,,,,,,
7,7,0.410502108,-0.305372359,-0.143961963,Caribbean,,,,,,
8,7,0.788315173,-0.17354961,-0.292625349,Caribbean,,,,,,
9,7,0.472211575,0.269350753,0.220049209,Caribbean,,,,,,
10,7,0.035837486,0.271517702,0.156576672,Caribbean,,,,,,
11,7,-0.566774352,0.062768252,0.30998138,Caribbean,,,,,,
12,7,0.64411652,0.258275234,0.28833954,Caribbean,,,,,,
13,7,-0.294748946,-0.473551703,-0.179445405,Caribbean,,,,,,
14,7,0.042764059,0.352417143,0.427290863,Caribbean,,,,,,
15,7,0.287083174,-0.05918284,0.190989493,Caribbean,,,,,,
16,7,0.009390571,-0.219175931,0.249950126,Caribbean,,,,,,
17,7,-0.114028363,0.131869857,0.369247905,Caribbean,,,,,,
18,7,0.168701747,-0.340284321,-0.257294853,Caribbean,,,,,,
19,7,0.445764661,-0.142249231,0.00332491,Caribbean,,,,,,
20,7,0.007501506,0.054581999,-0.008834287,Caribbean,,,,,,
21,7,-0.263894212,0.231669912,0.275492087,Caribbean,,,,,,
22,7,0.273859716,0.258877164,0.128205213,Caribbean,,,,,,
23,7,-0.042873569,-0.365204238,-0.277636654,Caribbean,,,,,,
24,7,-0.268302031,-0.242651215,0.103275037,Caribbean,,,,,,
25,7,0.029666539,-0.348711346,-0.339426786,Caribbean,,,,,,
1,9,-0.182585517,-0.079756351,0.172882649,Mexico,,,,,,
2,9,0.78298534,0.29426834,0.245267338,Mexico,,,,,,
3,9,0.445801866,0.185094832,0.259368252,Mexico,,,,,,
4,9,-0.197912039,0.003529448,0.160740196,Mexico,,,,,,
5,9,-0.50955131,-0.004670279,0.088903875,Mexico,,,,,,
6,9,-0.381830298,-0.255816204,-0.118614568,Mexico,,,,,,
7,9,-0.550422035,-0.400834233,-0.268789297,Mexico,,,,,,
8,9,-0.626324808,-0.099201418,-0.127075116,Mexico,,,,,,
9,9,-0.019102621,0.259595208,0.298145764,Mexico,,,,,,
10,9,1.263216349,0.60538941,0.348674037,Mexico,,,,,,
11,9,0.518055468,0.580204535,0.384239675,Mexico,,,,,,
12,9,0.358951577,0.555136798,0.377972602,Mexico,,,,,,
13,9,1.222345625,0.398170595,0.362853289,Mexico,,,,,,
14,9,0.920924034,0.122191211,0.195130757,Mexico,,,,,,
15,9,-0.274544647,-0.22594577,0.0414308,Mexico,,,,,,
16,9,-0.167258996,-0.00010186,0.1664589,Mexico,,,,,,
17,9,-0.153392143,-0.089244607,0.117419056,Mexico,,,,,,
18,9,-0.484007108,-0.260033206,-0.167811089,Mexico,,,,,,
19,9,-0.608808783,-0.45624096,-0.320727662,Mexico,,,,,,
20,9,-0.621945802,-0.459286573,-0.370942581,Mexico,,,,,,
21,9,-0.652598845,-0.041803329,-0.005650583,Mexico,,,,,,
22,9,0.681538364,0.581727341,0.357839631,Mexico,,,,,,
23,9,0.997556642,0.699920549,0.43664807,Mexico,,,,,,
24,9,0.364060418,0.497504431,0.394737021,Mexico,,,,,,
25,9,1.234266252,-9999,-9999,Mexico,,,,,,
1,10,-0.772674419,-9999,-9999,Mexico,,,,,,
2,10,-0.491860465,-0.091438822,-0.040662979,Mexico,,,,,,
3,10,0.240261628,0.087541754,0.09113373,Mexico,,,,,,
4,10,0.323837209,0.115901687,0.097344047,Mexico,,,,,,
5,10,-0.402713178,-0.04088416,-0.014378914,Mexico,,,,,,
6,10,-0.585465116,-0.234661223,-0.176788091,Mexico,,,,,,
7,10,-0.719186047,-0.459074601,-0.396972028,Mexico,,,,,,
8,10,-0.75166113,-0.486296342,-0.44834828,Mexico,,,,,,
9,10,-0.608866279,-0.223658708,-0.196736379,Mexico,,,,,,
10,10,-0.040552326,0.010239598,-0.029434226,Mexico,,,,,,
11,10,0.104152824,0.357672481,0.090255504,Mexico,,,,,,
12,10,0.256976744,0.290803745,0.101735179,Mexico,,,,,,
13,10,0.216860465,0.083842633,0.101421527,Mexico,,,,,,
14,10,0.199667774,0.149762877,0.051488076,Mexico,,,,,,
15,10,0.260319767,0.004264093,0.059141193,Mexico,,,,,,
16,10,-0.277906977,-0.226599035,-0.068327115,Mexico,,,,,,
17,10,-0.709634552,-0.47481958,-0.300868953,Mexico,,,,,,
18,10,-0.752616279,-0.557528145,-0.431850167,Mexico,,,,,,
19,10,-0.8089701,-0.566254279,-0.483790993,Mexico,,,,,,
20,10,-0.782703488,-0.582283806,-0.512019703,Mexico,,,,,,
21,10,-0.809447674,-0.567297621,-0.411525496,Mexico,,,,,,
22,10,-0.617940199,-0.291286239,-0.219319347,Mexico,,,,,,
23,10,-0.448401163,0.095603942,0.051174423,Mexico,,,,,,
24,10,-0.094040698,0.189125325,0.129587506,Mexico,,,,,,
25,10,0.51372093,0.224314405,0.164277454,Mexico,,,,,,
1,19,-0.11519343,0.189154392,0.055402471,Caribbean,,,,,,
2,19,0.190157152,0.023165185,0.080305226,Caribbean,,,,,,
3,19,-0.122649665,0.180531576,0.110676047,Caribbean,,,,,,
4,19,0.158201859,0.17009343,0.142891515,Caribbean,,,,,,
5,19,0.140803977,0.269255814,0.106723228,Caribbean,,,,,,
6,19,0.218561857,0.199025247,0.078394698,Caribbean,,,,,,
7,19,0.230278798,0.118923825,0.082347516,Caribbean,,,,,,
8,19,0.255487974,0.302272122,0.0312244,Caribbean,,,,,,
9,19,0.158201859,0.085680601,-0.046053197,Caribbean,,,,,,
10,19,-0.020747785,-0.040938644,-0.09440934,Caribbean,,,,,,
11,19,0.002686097,0.020782565,-0.077675743,Caribbean,,,,,,
12,19,0.11594986,-0.048767253,-0.087491908,Caribbean,,,,,,
13,19,0.048843743,0.10667035,-0.081892082,Caribbean,,,,,,
14,19,0.065176449,0.272546099,0.131164821,Caribbean,,,,,,
15,19,0.222822563,0.185864107,0.128266088,Caribbean,,,,,,
16,19,0.190512211,0.039162778,-0.081167399,Caribbean,,,,,,
17,19,0.188026799,0.111095216,0.051383773,Caribbean,,,,,,
18,19,0.053814567,-0.002135972,-0.081957963,Caribbean,,,,,,
19,19,0.135833153,-0.0004341,-0.036566433,Caribbean,,,,,,
20,19,0.147550094,0.061400566,-0.04882017,Caribbean,,,,,,
21,19,-0.025718608,-0.110942294,-0.199751946,Caribbean,,,,,,
22,19,-0.264318133,-0.244595941,-0.196721452,Caribbean,,,,,,
23,19,-0.30408472,-0.169486676,-0.19836846,Caribbean,,,,,,
24,19,-0.669440242,-0.261614657,-0.191055746,Caribbean,,,,,,
25,19,-0.244434839,-9999,-9999,Caribbean,,,,,,
1,20,-0.342145179,0.018309667,-0.015730606,Caribbean,,,,,,
2,20,0.193251819,0.010021621,0.075573072,Caribbean,,,,,,
3,20,-0.120368364,0.165366485,0.105810856,Caribbean,,,,,,
4,20,0.161213434,0.155062428,0.137885209,Caribbean,,,,,,
5,20,0.143770314,0.252950973,0.101875353,Caribbean,,,,,,
6,20,0.221730382,0.183622587,0.073670912,Caribbean,,,,,,
7,20,0.23347779,0.104550147,0.077606416,Caribbean,,,,,,
8,20,0.258752515,0.285543154,0.026707239,Caribbean,,,,,,
9,20,0.161213434,0.071733964,-0.050231852,Caribbean,,,,,,
10,20,-0.018201517,-0.053258731,-0.098376177,Caribbean,,,,,,
11,20,0.005293298,0.007669608,-0.081715879,Caribbean,,,,,,
12,20,0.118851571,-0.060986774,-0.091489046,Caribbean,,,,,,
13,20,0.051570964,0.09245408,-0.08591375,Caribbean,,,,,,
14,20,0.067946138,0.256198991,0.126209882,Caribbean,,,,,,
15,20,0.226002167,0.170630515,0.123323846,Caribbean,,,,,,
16,20,0.193607801,0.025813709,-0.085192241,Caribbean,,,,,,
17,20,0.191115926,0.096822104,0.046778306,Caribbean,,,,,,
18,20,0.056554713,-0.014954518,-0.085979341,Caribbean,,,,,,
19,20,0.138786566,-0.013274509,-0.040786644,Caribbean,,,,,,
20,20,0.150533973,0.047765831,-0.052986705,Caribbean,,,,,,
21,20,-0.023185265,-0.122363116,-0.203257342,Caribbean,,,,,,
22,20,-0.2624052,-0.25429985,-0.200240123,Caribbean,,,,,,
23,20,-0.30227519,-0.180155437,-0.201879916,Caribbean,,,,,,
24,20,-0.668580715,-0.271099944,-0.194599235,Caribbean,,,,,,
25,20,-0.218548212,-0.154171293,-0.215391811,Caribbean,,,,,,
1,21,-0.239173014,-0.267259328,-0.087212413,Caribbean,,,,,,
2,21,-0.562381471,-0.056140322,-0.103665062,Caribbean,,,,,,
3,21,-0.231664853,0.139586569,0.061396469,Caribbean,,,,,,
4,21,0.236343852,0.032221818,0.146401819,Caribbean,,,,,,
5,21,0.226332971,-0.009013847,0.165663456,Caribbean,,,,,,
6,21,0.232768537,0.060915761,0.11329588,Caribbean,,,,,,
7,21,0.016104461,-0.026686275,0.009162654,Caribbean,,,,,,
8,21,0.109777709,-0.074382828,-0.083065811,Caribbean,,,,,,
9,21,-0.184828229,-0.347735385,-0.259363296,Caribbean,,,,,,
10,21,0.07867247,0.060060643,0.030096308,Caribbean,,,,,,
11,21,-0.161946215,0.084003933,-0.068218299,Caribbean,,,,,,
12,21,0.106202394,0.209706203,0.111155698,Caribbean,,,,,,
13,21,-0.181610446,-0.112768102,0.117509363,Caribbean,,,,,,
14,21,-0.01321312,0.087899468,0.195559123,Caribbean,,,,,,
15,21,0.186289445,-0.123789616,0.024745853,Caribbean,,,,,,
16,21,-0.104026115,0.104621765,0.105738363,Caribbean,,,,,,
17,21,0.07867247,0.145572392,0.093164794,Caribbean,,,,,,
18,21,0.023970154,-0.397807264,0.078919208,Caribbean,,,,,,
19,21,-0.041458107,-0.418995175,0.152956126,Caribbean,,,,,,
20,21,-0.20198974,0.000487458,0.000802568,Caribbean,,,,,,
21,21,-0.326768226,0.090369807,0.023274478,Caribbean,,,,,,
22,21,-0.011425462,-0.339754288,-0.349919743,Caribbean,,,,,,
23,21,0.003948391,-0.101746588,0.036583735,Caribbean,,,,,,
24,21,-0.114036997,-0.020130375,0.019596041,Caribbean,,,,,,
25,21,-0.769749728,-9999,-9999,Caribbean,,,,,,
1,22,-0.518009168,-0.292779506,-0.083110132,Caribbean,,,,,,
2,22,-0.561044064,-0.076803103,-0.127261505,Caribbean,,,,,,
3,22,-0.229316743,0.114638975,0.033454702,Caribbean,,,,,,
4,22,0.240122244,0.009624631,0.116222246,Caribbean,,,,,,
5,22,0.230080768,-0.030708311,0.134976812,Caribbean,,,,,,
6,22,0.236536003,0.037690412,0.083987837,Caribbean,,,,,,
7,22,0.01920978,-0.047993858,-0.017404033,Caribbean,,,,,,
8,22,0.113169302,-0.094646248,-0.107204539,Caribbean,,,,,,
9,22,-0.194171578,-0.362014627,-0.278860909,Caribbean,,,,,,
10,22,0.081969002,0.036854014,0.002978533,Caribbean,,,,,,
11,22,-0.159385038,0.060273142,-0.092747895,Caribbean,,,,,,
12,22,0.10958306,0.183223565,0.081903996,Caribbean,,,,,,
13,22,-0.179109365,-0.1321912,0.088090398,Caribbean,,,,,,
14,22,-0.010197399,0.064083397,0.16408546,Caribbean,,,,,,
15,22,0.189914866,-0.142971433,-0.002231069,Caribbean,,,,,,
16,22,-0.101287928,0.080439614,0.076629275,Caribbean,,,,,,
17,22,0.081969002,0.120493757,0.064386711,Caribbean,,,,,,
18,22,0.02709951,-0.410990343,0.050516147,Caribbean,,,,,,
19,22,-0.038528706,-0.431714413,0.122604008,Caribbean,,,,,,
20,22,-0.19955094,-0.021415007,-0.025544035,Caribbean,,,,,,
21,22,-0.324710762,0.066499657,-0.003663709,Caribbean,,,,,,
22,22,-0.008404279,-0.354208251,-0.367033415,Caribbean,,,,,,
23,22,0.007016559,-0.121410966,0.009295175,Caribbean,,,,,,
24,22,-0.111329404,-0.041581478,-0.00724531,Caribbean,,,,,,
25,22,-0.349312377,0.0958665,0.090109118,Caribbean,,,,,,
1,24,-0.240372354,0.10660325,0.068048717,Taiwan,,,,,,
2,24,-0.155317521,0.36524529,0.032645763,Taiwan,,,,,,
3,24,-0.419280796,0.245495043,0.087538222,Taiwan,,,,,,
4,24,0.352078551,0.230144818,0.071743975,Taiwan,,,,,,
5,24,0.273727548,0.084317683,0.031215341,Taiwan,,,,,,
6,24,0.155572558,0.047051776,0.066737497,Taiwan,,,,,,
7,24,-0.1993114,0.040023962,0.050764447,Taiwan,,,,,,
8,24,-0.094983058,-0.093781913,0.03753304,Taiwan,,,,,,
9,24,-0.011604183,-0.190414352,0.004514123,Taiwan,,,,,,
10,24,-0.202244325,-0.148154998,-0.044418243,Taiwan,,,,,,
11,24,-0.03800051,-0.062711578,0.039142265,Taiwan,,,,,,
12,24,-0.392884468,-0.028312279,0.013573465,Taiwan,,,,,,
13,24,0.33406201,0.212667755,0.002785696,Taiwan,,,,,,
14,24,-0.343024739,-0.030346647,0.024003628,Taiwan,,,,,,
15,24,0.384340729,0.259643141,0.057141747,Taiwan,,,,,,
16,24,0.511713484,0.320859098,0.06566468,Taiwan,,,,,,
17,24,0.44593216,0.283593191,0.083068152,Taiwan,,,,,,
18,24,-0.225707728,0.134714505,0.021261985,Taiwan,,,,,,
19,24,0.152639633,0.093564806,0.048261208,Taiwan,,,,,,
20,24,0.159762451,0.024026439,0.033897383,Taiwan,,,,,,
21,24,-0.172915073,-0.238499393,-0.010266909,Taiwan,,,,,,
22,24,-0.400007287,-0.222779283,-0.052583571,Taiwan,,,,,,
23,24,-0.011604183,-0.487247011,-0.402500648,Taiwan,,,,,,
24,24,-0.135206033,0.409261597,0.079909303,Taiwan,,,,,,
25,24,-9999,-9999,-9999,Taiwan,,,,,,
1,25,-0.240372354,0.10660325,0.068048717,Taiwan,,,,,,
2,25,-0.155317521,0.36524529,0.032645763,Taiwan,,,,,,
3,25,-0.419280796,0.24549504,0.087538222,Taiwan,,,,,,
4,25,0.352078551,0.23014482,0.071743975,Taiwan,,,,,,
5,25,0.273727548,0.08431768,0.031215341,Taiwan,,,,,,
6,25,0.155572558,0.04705178,0.066737497,Taiwan,,,,,,
7,25,-0.1993114,0.04002396,0.050764447,Taiwan,,,,,,
8,25,-0.094983058,-0.0937819,0.03753304,Taiwan,,,,,,
9,25,-0.011604183,-0.1904144,0.004514123,Taiwan,,,,,,
10,25,-0.202244325,-0.148155,-0.044418243,Taiwan,,,,,,
11,25,-0.03800051,-0.0627116,0.039142265,Taiwan,,,,,,
12,25,-0.392884468,-0.0283123,0.013573465,Taiwan,,,,,,
13,25,0.33406201,0.21266776,0.002785696,Taiwan,,,,,,
14,25,-0.343024739,-0.0303466,0.024003628,Taiwan,,,,,,
15,25,0.384340729,0.25964314,0.057141747,Taiwan,,,,,,
16,25,0.511713484,0.3208591,0.06566468,Taiwan,,,,,,
17,25,0.44593216,0.28359319,0.083068152,Taiwan,,,,,,
18,25,-0.225707728,0.13471451,0.021261985,Taiwan,,,,,,
19,25,0.152639633,0.09356481,0.048261208,Taiwan,,,,,,
20,25,0.159762451,0.02402644,0.033897383,Taiwan,,,,,,
21,25,-0.172915073,-0.2384994,-0.010266909,Taiwan,,,,,,
22,25,-0.400007287,-0.2227793,-0.052583571,Taiwan,,,,,,
23,25,-0.011604183,-0.487247,-0.402500648,Taiwan,,,,,,
24,25,-0.135206033,0.4092616,0.079909303,Taiwan,,,,,,
25,25,-9999,-9999,-9999,Taiwan,,,,,,
1,26,-0.290515058,0.226558603,0.071265207,Taiwan,,,,,,
2,26,0.492119336,0.211441762,0.055707292,Taiwan,,,,,,
3,26,0.40565317,0.067831775,0.015785094,Taiwan,,,,,,
4,26,0.275260343,0.031132457,0.050775726,Taiwan,,,,,,
5,26,-0.116380524,0.024211493,0.035041684,Taiwan,,,,,,
6,26,-0.001246432,-0.107560004,0.02200826,Taiwan,,,,,,
7,26,0.090768365,-0.202723249,-0.010516589,Taiwan,,,,,,
8,26,-0.119617225,-0.161106404,-0.058716772,Taiwan,,,,,,
9,26,0.061638052,-0.076962061,0.023593406,Taiwan,,,,,,
10,26,-0.330002815,-0.043085768,-0.001592804,Taiwan,,,,,,
11,26,0.472236741,0.194230419,-0.012219153,Taiwan,,,,,,
12,26,-0.274978891,-0.045089204,0.008681291,Taiwan,,,,,,
13,26,0.527723051,0.240491594,0.041323559,Taiwan,,,,,,
14,26,0.668288368,0.300776827,0.049718962,Taiwan,,,,,,
15,26,0.59569378,0.264077509,0.066862023,Taiwan,,,,,,
16,26,-0.145510836,0.117462366,0.005980672,Taiwan,,,,,,
17,26,0.272023642,0.076938305,0.032575901,Taiwan,,,,,,
18,26,0.279884202,0.008457195,0.018427004,Taiwan,,,,,,
19,26,-0.087250211,-0.250077207,-0.025076449,Taiwan,,,,,,
20,26,-0.337863375,-0.234596106,-0.066759921,Taiwan,,,,,,
21,26,0.090768365,-0.49504288,-0.41144113,Taiwan,,,,,,
22,26,-0.045635479,0.387835259,0.06375044,Taiwan,,,,,,
23,26,-0.2965569,0.294584386,0.047311888,Taiwan,,,,,,
24,26,-0.058119899,0.19459468,0.032341064,Taiwan,,,,,,
25,26,-0.214560465,-9999,-9999,Taiwan,,,,,,
1,27,-0.290515058,0.226558603,0.071265207,Taiwan,,,,,,
2,27,0.492119336,0.211441762,0.055707292,Taiwan,,,,,,
3,27,0.40565317,0.067831775,0.015785094,Taiwan,,,,,,
4,27,0.275260343,0.031132457,0.050775726,Taiwan,,,,,,
5,27,-0.116380524,0.024211493,0.035041684,Taiwan,,,,,,
6,27,-0.001246432,-0.107560004,0.02200826,Taiwan,,,,,,
7,27,0.090768365,-0.202723249,-0.010516589,Taiwan,,,,,,
8,27,-0.119617225,-0.161106404,-0.058716772,Taiwan,,,,,,
9,27,0.061638052,-0.076962061,0.023593406,Taiwan,,,,,,
10,27,-0.330002815,-0.043085768,-0.001592804,Taiwan,,,,,,
11,27,0.472236741,0.194230419,-0.012219153,Taiwan,,,,,,
12,27,-0.274978891,-0.045089204,0.008681291,Taiwan,,,,,,
13,27,0.527723051,0.240491594,0.041323559,Taiwan,,,,,,
14,27,0.668288368,0.300776827,0.049718962,Taiwan,,,,,,
15,27,0.59569378,0.264077509,0.066862023,Taiwan,,,,,,
16,27,-0.145510836,0.117462366,0.005980672,Taiwan,,,,,,
17,27,0.272023642,0.076938305,0.032575901,Taiwan,,,,,,
18,27,0.279884202,0.008457195,0.018427004,Taiwan,,,,,,
19,27,-0.087250211,-0.250077207,-0.025076449,Taiwan,,,,,,
20,27,-0.337863375,-0.234596106,-0.066759921,Taiwan,,,,,,
21,27,0.090768365,-0.49504288,-0.41144113,Taiwan,,,,,,
22,27,-0.045635479,0.387835259,0.06375044,Taiwan,,,,,,
23,27,-0.2965569,0.294584386,0.047311888,Taiwan,,,,,,
24,27,-0.058119899,0.19459468,0.032341064,Taiwan,,,,,,
25,27,-0.214560465,-9999,-9999,Taiwan,,,,,,
1,28,0.235272771,0.146647264,0.045521579,Taiwan,,,,,,
2,28,-0.113886537,0.033692031,0.033098612,Taiwan,,,,,,
3,28,0.001572517,-0.0992992,0.020089656,Taiwan,,,,,,
4,28,0.093847022,-0.195343316,-0.012374134,Taiwan,,,,,,
5,28,-0.117132374,-0.153341248,-0.060483832,Taiwan,,,,,,
6,28,0.06463449,-0.068418029,0.021671827,Taiwan,,,,,,
7,28,-0.32811177,-0.034228162,-0.003467102,Taiwan,,,,,,
8,28,0.476392081,0.205284724,-0.014073503,Taiwan,,,,,,
9,28,-0.272932543,-0.036250144,0.006787706,Taiwan,,,,,,
10,28,0.532034998,0.251974113,0.039368695,Taiwan,,,,,,
11,28,0.672997056,0.312817371,0.047748337,Taiwan,,,,,,
12,28,0.600197572,0.275778348,0.064859216,Taiwan,,,,,,
13,28,-0.143099069,0.127806074,0.004092157,Taiwan,,,,,,
14,28,0.275613886,0.086906905,0.030637458,Taiwan,,,,,,
15,28,0.283496633,0.017791904,0.016515123,Taiwan,,,,,,
16,28,-0.084674005,-0.243135603,-0.026906662,Taiwan,,,,,,
17,28,-0.335994516,-0.227511201,-0.068511881,Taiwan,,,,,,
18,28,0.093847022,-0.490368782,-0.412546025,Taiwan,,,,,,
19,28,-0.042941817,0.400681653,0.061753474,Taiwan,,,,,,
20,28,-0.294571456,0.30656761,0.045345782,Taiwan,,,,,,
21,28,-0.055461473,0.205652357,0.030403063,Taiwan,,,,,,
22,28,0.149026249,0.141500402,0.100956139,Taiwan,,,,,,
23,28,0.483811136,0.073304484,0.081266908,Taiwan,,,,,,
24,28,0.197713802,0.034059664,-0.048236661,Taiwan,,,,,,
25,28,0.532034998,-0.054080343,0.043998008,Taiwan,,,,,,
1,29,0.235272771,0.146647264,0.045521579,Taiwan,,,,,,
2,29,-0.113886537,0.033692031,0.033098612,Taiwan,,,,,,
3,29,0.001572517,-0.0992992,0.020089656,Taiwan,,,,,,
4,29,0.093847022,-0.195343316,-0.012374134,Taiwan,,,,,,
5,29,-0.117132374,-0.153341248,-0.060483832,Taiwan,,,,,,
6,29,0.06463449,-0.068418029,0.021671827,Taiwan,,,,,,
7,29,-0.32811177,-0.034228162,-0.003467102,Taiwan,,,,,,
8,29,0.476392081,0.205284724,-0.014073503,Taiwan,,,,,,
9,29,-0.272932543,-0.036250144,0.006787706,Taiwan,,,,,,
10,29,0.532034998,0.251974113,0.039368695,Taiwan,,,,,,
11,29,0.672997056,0.312817371,0.047748337,Taiwan,,,,,,
12,29,0.600197572,0.275778348,0.064859216,Taiwan,,,,,,
13,29,-0.143099069,0.127806074,0.004092157,Taiwan,,,,,,
14,29,0.275613886,0.086906905,0.030637458,Taiwan,,,,,,
15,29,0.283496633,0.017791904,0.016515123,Taiwan,,,,,,
16,29,-0.084674005,-0.243135603,-0.026906662,Taiwan,,,,,,
17,29,-0.335994516,-0.227511201,-0.068511881,Taiwan,,,,,,
18,29,0.093847022,-0.490368782,-0.412546025,Taiwan,,,,,,
19,29,-0.042941817,0.400681653,0.061753474,Taiwan,,,,,,
20,29,-0.294571456,0.30656761,0.045345782,Taiwan,,,,,,
21,29,-0.055461473,0.205652357,0.030403063,Taiwan,,,,,,
22,29,0.149026249,0.141500402,0.100956139,Taiwan,,,,,,
23,29,0.483811136,0.073304484,0.081266908,Taiwan,,,,,,
24,29,0.197713802,0.034059664,-0.048236661,Taiwan,,,,,,
25,29,0.532034998,-0.054080343,0.043998008,Taiwan,,,,,,
1,32,-0.099672757,-0.191771831,0.074183528,Taiwan,,,,,,
2,32,0.460088044,0.36178252,0.175405696,Taiwan,,,,,,
3,32,-0.086992092,0.172879671,0.150166923,Taiwan,,,,,,
4,32,0.407553859,0.186680793,0.162051848,Taiwan,,,,,,
5,32,0.173867311,0.194443924,0.098487532,Taiwan,,,,,,
6,32,0.296598036,0.0949249,0.103161378,Taiwan,,,,,,
7,32,0.315619035,-0.029824298,0.033788138,Taiwan,,,,,,
8,32,0.239082161,-0.035215361,0.001204749,Taiwan,,,,,,
9,32,-0.3406054,-0.175922106,-0.173997736,Taiwan,,,,,,
10,32,-0.231913982,0.174928275,-0.115174035,Taiwan,,,,,,
11,32,-0.261351241,0.089533837,0.140418614,Taiwan,,,,,,
12,32,-0.150395419,-0.317491421,-0.526539321,Taiwan,,,,,,
13,32,-0.322490163,0.376554032,0.247716782,Taiwan,,,,,,
14,32,0.245875375,0.16673386,0.053885679,Taiwan,,,,,,
15,32,0.274406872,-0.146810366,-0.400078381,Taiwan,,,,,,
16,32,0.083291129,0.193581353,0.078990914,Taiwan,,,,,,
17,32,0.499488683,0.093091939,0.145626615,Taiwan,,,,,,
18,32,0.271236706,0.091366799,0.077989375,Taiwan,,,,,,
19,32,0.19832288,-0.015915356,0.084399222,Taiwan,,,,,,
20,32,0.018076279,0.015460631,0.030783522,Taiwan,,,,,,
21,32,0.131749386,0.081662885,0.080860452,Taiwan,,,,,,
22,32,-0.061630761,-0.387036134,-0.343458066,Taiwan,,,,,,
23,32,-0.061630761,0.367928332,0.121589688,Taiwan,,,,,,
24,32,-0.267691574,-0.019365636,-0.183078352,Taiwan,,,,,,
25,32,0.287087537,0.440060755,0.148430923,Taiwan,,,,,,
1,33,-0.745152355,-9999,-9999,Taiwan,,,,,,
2,33,0.467194302,0.36178252,0.175405696,Taiwan,,,,,,
3,33,-0.082548476,0.172879671,0.150166923,Taiwan,,,,,,
4,33,0.414404432,0.186680793,0.162051848,Taiwan,,,,,,
5,33,0.17958053,0.194443924,0.098487532,Taiwan,,,,,,
6,33,0.302908587,0.0949249,0.103161378,Taiwan,,,,,,
7,33,0.322022161,-0.029824298,0.033788138,Taiwan,,,,,,
8,33,0.245112782,-0.035215361,0.001204749,Taiwan,,,,,,
9,33,-0.337396122,-0.175922106,-0.173997736,Taiwan,,,,,,
10,33,-0.228175702,0.174928275,-0.115174035,Taiwan,,,,,,
11,33,-0.257756233,0.089533837,0.140418614,Taiwan,,,,,,
12,33,-0.146260388,-0.317491421,-0.526539321,Taiwan,,,,,,
13,33,-0.319192719,0.376554032,0.247716782,Taiwan,,,,,,
14,33,0.251939058,0.16673386,0.053885679,Taiwan,,,,,,
15,33,0.280609418,-0.146810366,-0.400078381,Taiwan,,,,,,
16,33,0.088563514,0.193581353,0.078990914,Taiwan,,,,,,
17,33,0.506786704,0.093091939,0.145626615,Taiwan,,,,,,
18,33,0.277423823,0.091366799,0.077989375,Taiwan,,,,,,
19,33,0.204155125,-0.015915356,0.084399222,Taiwan,,,,,,
20,33,0.023031262,0.015460631,0.030783522,Taiwan,,,,,,
21,33,0.137257618,0.081662885,0.080860452,Taiwan,,,,,,
22,33,-0.057063712,-0.387036134,-0.343458066,Taiwan,,,,,,
23,33,-0.057063712,0.367928332,0.121589688,Taiwan,,,,,,
24,33,-0.264127424,-0.019365636,-0.183078352,Taiwan,,,,,,
25,33,0.185041551,0.440060755,0.148430923,Taiwan,,,,,,
1,34,-0.951232441,0.171397002,0.174560353,Taiwan,,,,,,
2,34,0.353299761,0.185180677,0.18669734,Taiwan,,,,,,
3,34,0.12862065,0.192933994,0.121784914,Taiwan,,,,,,
4,34,0.246620726,0.093540775,0.126557886,Taiwan,,,,,,
5,34,0.264908561,-0.031050724,0.055713337,Taiwan,,,,,,
6,34,0.191321798,-0.036434972,0.0224389,Taiwan,,,,,,
7,34,-0.366021733,-0.176963846,-0.156479384,Taiwan,,,,,,
8,34,-0.261519821,0.173443016,-0.096408116,Taiwan,,,,,,
9,34,-0.289822423,0.088156527,0.164605296,Taiwan,,,,,,
10,34,-0.183143387,-0.318354199,-0.516497883,Taiwan,,,,,,
11,34,-0.348604748,0.374813892,0.274179108,Taiwan,,,,,,
12,34,0.197853167,0.165258959,0.076237119,Taiwan,,,,,,
13,34,0.225284919,-0.147888907,-0.387354884,Taiwan,,,,,,
14,34,0.041535724,0.192072514,0.1018748,Taiwan,,,,,,
15,34,0.441690962,0.091710131,0.169923751,Taiwan,,,,,,
16,34,0.222236947,0.089987171,0.10085202,Taiwan,,,,,,
17,34,0.152133581,-0.017159364,0.107397811,Taiwan,,,,,,
18,34,-0.021165424,0.014176959,0.052644998,Taiwan,,,,,,
19,34,0.088126159,0.080295525,0.103783989,Taiwan,,,,,,
20,34,-0.097800159,-0.387810999,-0.329533731,Taiwan,,,,,,
21,34,-0.097800159,0.366199095,0.145377035,Taiwan,,,,,,
22,34,-0.295918367,-0.020605283,-0.165752588,Taiwan,,,,,,
23,34,-0.017682027,0.426071934,0.176537727,Taiwan,,,,,,
24,34,-0.244102836,0.295988501,0.127648851,Taiwan,,,,,,
25,34,0.114687062,0.142537432,0.191197571,Taiwan,,,,,,
1,35,-0.414478918,0.158691786,0.138827249,Taiwan,,,,,,
2,35,0.354017502,0.17232596,0.150594999,Taiwan,,,,,,
3,35,0.12921923,0.179995183,0.087657373,Taiwan,,,,,,
4,35,0.247281888,0.081680004,0.092285139,Taiwan,,,,,,
5,35,0.265579422,-0.04156015,0.023595861,Taiwan,,,,,,
6,35,0.191953631,-0.046885999,-0.008666283,Taiwan,,,,,,
7,35,-0.365685494,-0.185890667,-0.18214142,Taiwan,,,,,,
8,35,-0.261128158,0.160715609,-0.123897672,Taiwan,,,,,,
9,35,-0.28944577,0.076354155,0.12917505,Taiwan,,,,,,
10,35,-0.182710156,-0.325747471,-0.531207243,Taiwan,,,,,,
11,35,-0.348259272,0.359902375,0.235415349,Taiwan,,,,,,
12,35,0.198488465,0.152620318,0.043495257,Taiwan,,,,,,
13,35,0.225934765,-0.157131081,-0.405993101,Taiwan,,,,,,
14,35,0.042088116,0.179143048,0.068352975,Taiwan,,,,,,
15,35,0.442455582,0.079869216,0.134331705,Taiwan,,,,,,
16,35,0.222885176,0.078164944,0.067361311,Taiwan,,,,,,
17,35,0.15274463,-0.027819458,0.073707962,Taiwan,,,,,,
18,35,-0.020646285,0.003176985,0.020620868,Taiwan,,,,,,
19,35,0.088703262,0.068578415,0.070204082,Taiwan,,,,,,
20,35,-0.097321665,-0.394450928,-0.349931015,Taiwan,,,,,,
21,35,-0.097321665,0.351381016,0.110531762,Taiwan,,,,,,
22,35,-0.295544948,-0.031228002,-0.191132509,Taiwan,,,,,,
23,35,-0.017161041,0.410604461,0.140744467,Taiwan,,,,,,
24,35,-0.243701936,0.28193194,0.093342915,Taiwan,,,,,,
25,35,0.512596129,-9999,-9999,Taiwan,,,,,,
1,40,-0.389333944,-0.397789127,-0.309040087,Caribbean,,,,,,
2,40,-0.705195697,-0.311259285,-0.275324608,Caribbean,,,,,,
3,40,-0.076104372,-0.232001633,-0.042812243,Caribbean,,,,,,
4,40,0.094987411,-0.067226723,0.009153442,Caribbean,,,,,,
5,40,0.221332113,-0.004262455,-0.001690025,Caribbean,,,,,,
6,40,0.125069483,-0.219482422,0.025092746,Caribbean,,,,,,
7,40,0.052872511,-0.020003522,-0.024384275,Caribbean,,,,,,
8,40,0.067913547,0.018106429,0.001568941,Caribbean,,,,,,
9,40,0.060769055,-0.026539287,-0.050159728,Caribbean,,,,,,
10,40,-0.110322728,-0.189196977,-0.181821929,Caribbean,,,,,,
11,40,-0.305104143,0.043144851,-0.039612531,Caribbean,,,,,,
12,40,0.079194324,0.062199827,0.016619435,Caribbean,,,,,,
13,40,-0.328793774,-0.087478388,0.063667045,Caribbean,,,,,,
14,40,-0.022332668,-0.158451268,0.053060594,Caribbean,,,,,,
15,40,-0.260357061,-0.377077196,-0.090630153,Caribbean,,,,,,
16,40,0.079194324,0.039002465,0.018278545,Caribbean,,,,,,
17,40,0.200274663,-0.09456647,0.024618714,Caribbean,,,,,,
18,40,0.146126933,-0.194444,-0.108406328,Caribbean,,,,,,
19,40,0.218699931,-0.021660476,-0.014666633,Caribbean,,,,,,
20,40,0.305561914,0.004574635,-0.00826721,Caribbean,,,,,,
21,40,0.076562142,0.045814389,-0.038486707,Caribbean,,,,,,
22,40,0.013389792,0.064777312,0.03439561,Caribbean,,,,,,
23,40,0.055880718,0.010926294,-0.056973929,Caribbean,,,,,,
24,40,0.089723049,-0.184778432,-0.367819972,Caribbean,,,,,,
25,40,0.116044862,-9999,-9999,Caribbean,,,,,,
1,41,-0.612705702,-0.311922488,-0.309834889,Caribbean,,,,,,
2,41,-0.704247991,-0.310447905,-0.278817557,Caribbean,,,,,,
3,41,-0.073134328,-0.231096882,-0.047425905,Caribbean,,,,,,
4,41,0.098507463,-0.066127856,0.004289304,Caribbean,,,,,,
5,41,0.225258324,-0.003089413,-0.006501897,Caribbean,,,,,,
6,41,0.128686239,-0.218562922,0.020151779,Caribbean,,,,,,
7,41,0.056257176,-0.018849024,-0.02908676,Caribbean,,,,,,
8,41,0.071346564,0.019305824,-0.00325864,Caribbean,,,,,,
9,41,0.064179105,-0.025392488,-0.054737976,Caribbean,,,,,,
10,41,-0.107462687,-0.1882418,-0.185765563,Caribbean,,,,,,
11,41,-0.302870264,0.044373743,-0.044241616,Caribbean,,,,,,
12,41,0.082663605,0.063451166,0.011719311,Caribbean,,,,,,
13,41,-0.32663605,-0.086403379,0.05854015,Caribbean,,,,,,
14,41,-0.019189765,-0.15745987,0.047984822,Caribbean,,,,,,
15,41,-0.257979334,-0.376343354,-0.095013332,Caribbean,,,,,,
16,41,0.082663605,0.040226477,0.013370424,Caribbean,,,,,,
17,41,0.20413318,-0.093499812,0.019680033,Caribbean,,,,,,
18,41,0.149811383,-0.193495003,-0.112703825,Caribbean,,,,,,
19,41,0.222617681,-0.02050793,-0.019415957,Caribbean,,,,,,
20,41,0.309758898,0.005758088,-0.01304738,Caribbean,,,,,,
21,41,0.080022962,0.047046425,-0.043121218,Caribbean,,,,,,
22,41,0.016647532,0.066031687,0.029409804,Caribbean,,,,,,
23,41,0.059275053,0.012117229,-0.061519331,Caribbean,,,,,,
24,41,0.093226177,-0.183818049,-0.370867091,Caribbean,,,,,,
25,41,0.144982778,0.052483952,0.040672751,Caribbean,,,,,,
1,44,-0.601034109,-0.564324562,-0.085411677,Australia,,,,,,
2,44,-0.677758319,-0.507916674,-0.464987592,Australia,,,,,,
3,44,-0.755441581,-0.405038037,-0.286795197,Australia,,,,,,
4,44,-0.531023267,-0.083542299,-0.023610128,Australia,,,,,,
5,44,-0.240430323,-0.196358076,-0.00930997,Australia,,,,,,
6,44,0.050162622,-0.22256485,0.0223369,Australia,,,,,,
7,44,-0.059169377,-0.25822165,0.038129248,Australia,,,,,,
8,44,-0.000393152,0.049829722,-0.03865638,Australia,,,,,,
9,44,0.004128096,0.096300469,-0.067132346,Australia,,,,,,
10,44,-0.3785339,-0.235911794,-0.239729027,Australia,,,,,,
11,44,-0.539654741,-0.15027702,0.010834599,Australia,,,,,,
12,44,-0.466766742,-0.341518273,-0.276722912,Australia,,,,,,
13,44,0.199774831,-0.371329696,0.05560031,Australia,,,,,,
14,44,-0.099038565,-0.137222345,0.098376433,Australia,,,,,,
15,44,-0.56842632,-0.513177513,-0.394419425,Australia,,,,,,
16,44,-0.344008006,0.025961099,0.086811957,Australia,,,,,,
17,44,-0.06615676,0.047101879,0.078791434,Australia,,,,,,
18,44,-0.487865899,-0.010669931,0.087433703,Australia,,,,,,
19,44,0.061671254,-0.101370699,0.0725118,Australia,,,,,,
20,44,0.078523178,0.164399112,0.028989582,Australia,,,,,,
21,44,-0.059169377,0.050706528,0.059082087,Australia,,,,,,
22,44,-0.113835376,-0.242536555,-0.188683683,Australia,,,,,,
23,44,-0.030397798,0.043789499,0.044844104,Australia,,,,,,
24,44,-0.447585689,0.032391013,-0.082738169,Australia,,,,,,
25,44,-0.72954716,-0.124362515,-0.235501154,Australia,,,,,,